Total_Cores,Time(s),Speedup,Efficiency
4,1211.021792,2.050127800672971,0.5125319501682427
8,1781.684179,1.3934845873714188,0.17418557342142735
16,305.261043,8.133201074727378,0.5083250671704611
